Country Name,Country Code,2020
Aruba,ABW,
Africa Eastern and Southern,AFE,0.795419908
Afghanistan,AFG,0.223478872
Africa Western and Central,AFW,0.463150273
Angola,AGO,0.592742968
Albania,ALB,1.544550115
Andorra,AND,5.777147992
Arab World,ARB,3.929077744
United Arab Emirates,ARE,20.25227168
Argentina,ARG,3.40561754
Armenia,ARM,2.404683762
American Samoa,ASM,
Antigua and Barbuda,ATG,5.121730122
Australia,AUS,14.77613691
Austria,AUT,6.632645737
Azerbaijan,AZE,3.398849573
Burundi,BDI,0.058384022
Belgium,BEL,7.398130658
Benin,BEN,0.631204806
Burkina Faso,BFA,0.253533189
Bangladesh,BGD,0.510647559
Bulgaria,BGR,4.923280379
Bahrain,BHR,21.97690781
"Bahamas, The",BHS,6.042251477
Bosnia and Herzegovina,BIH,6.312305874
Belarus,BLR,5.842407296
Belize,BLZ,1.741107715
Bermuda,BMU,
Bolivia,BOL,1.539464696
Brazil,BRA,1.942523356
Barbados,BRB,3.904871158
Brunei Darussalam,BRN,21.70581244
Bhutan,BTN,1.340054317
Botswana,BWA,2.263463114
Central African Republic,CAF,0.044282073
Canada,CAN,13.59169634
Central Europe and the Baltics,CEB,5.85720585
Switzerland,CHE,4.042072815
Channel Islands,CHI,
Chile,CHL,4.395151064
China,CHN,7.756137907
Cote d'Ivoire,CIV,0.406347357
Cameroon,CMR,0.374782658
"Congo, Dem. Rep.",COD,0.032584781
"Congo, Rep.",COG,1.25459167
Colombia,COL,1.552259423
Comoros,COM,0.407112183
Cabo Verde,CPV,1.065151723
Costa Rica,CRI,1.35999555
Caribbean small states,CSS,10.5521693
Cuba,CUB,2.152769678
Curacao,CUW,
Cayman Islands,CYM,
Cyprus,CYP,5.471998009
Czechia,CZE,8.304017496
Germany,DEU,7.255221028
Djibouti,DJI,0.392329171
Dominica,DMA,2.261268144
Denmark,DNK,4.691237308
Dominican Republic,DOM,2.080181722
Algeria,DZA,3.71822337
East Asia & Pacific (excluding high income),EAP,5.982296926
Early-demographic dividend,EAR,2.016856783
East Asia & Pacific,EAS,6.221888395
Europe & Central Asia (excluding high income),ECA,11.37229836
Europe & Central Asia,ECS,6.109883423
Ecuador,ECU,1.957575349
"Egypt, Arab Rep.",EGY,1.961122572
Euro area,EMU,5.397825215
Eritrea,ERI,0.198657543
Spain,ESP,4.279594571
Estonia,EST,5.338399816
Ethiopia,ETH,0.154431772
European Union,EUU,5.506070436
Fragile and conflict affected situations,FCS,0.774950952
Finland,FIN,6.570145128
Fiji,FJI,1.117096288
France,FRA,3.953682452
Faroe Islands,FRO,
"Micronesia, Fed. Sts.",FSM,0.958913885
Gabon,GAB,2.333273575
United Kingdom,GBR,4.601142251
Georgia,GEO,2.754709196
Ghana,GHA,0.602887453
Gibraltar,GIB,
Guinea,GIN,0.343646151
"Gambia, The",GMB,0.237529599
Guinea-Bissau,GNB,0.163208369
Equatorial Guinea,GNQ,2.725730852
Greece,GRC,4.767184937
Grenada,GRD,2.624067021
Greenland,GRL,
Guatemala,GTM,1.000407336
Guam,GUM,
Guyana,GUY,3.472771017
High income,HIC,7.794389691
"Hong Kong SAR, China",HKG,
Honduras,HND,0.872911172
Heavily indebted poor countries (HIPC),HPC,0.268471053
Croatia,HRV,3.860705392
Haiti,HTI,0.283815024
Hungary,HUN,4.591652907
IBRD only,IBD,4.305188679
IDA & IBRD total,IBT,3.298264588
IDA total,IDA,0.51672149
IDA blend,IDB,0.796458888
Indonesia,IDN,2.071658962
IDA only,IDX,0.377941164
Isle of Man,IMN,
India,IND,1.576093232
Not classified,INX,
Ireland,IRL,6.76822759
"Iran, Islamic Rep.",IRN,7.063351321
Iraq,IRQ,3.84217782
Iceland,ISL,3.947465365
Israel,ISR,6.345216004
Italy,ITA,4.732372771
Jamaica,JAM,2.069041808
Jordan,JOR,1.919172426
Japan,JPN,8.03149587
Kazakhstan,KAZ,11.29774331
Kenya,KEN,0.374079219
Kyrgyz Republic,KGZ,1.37997538
Cambodia,KHM,1.137583659
Kiribati,KIR,0.449933973
St. Kitts and Nevis,KNA,4.848662944
"Korea, Rep.",KOR,10.99002958
Kuwait,KWT,21.16961025
Latin America & Caribbean (excluding high income),LAC,2.112544976
Lao PDR,LAO,2.620283441
Lebanon,LBN,3.792193537
Liberia,LBR,0.231838924
Libya,LBY,6.682805471
St. Lucia,LCA,2.785139229
Latin America & Caribbean,LCN,2.21061802
Least developed countries: UN classification,LDC,0.327343884
Low income,LIC,0.26934105
Liechtenstein,LIE,3.663847998
Sri Lanka,LKA,0.996683243
Lower middle income,LMC,1.637168385
Low & middle income,LMY,3.34174448
Lesotho,LSO,1.025642163
Late-demographic dividend,LTE,6.681100035
Lithuania,LTU,4.184000415
Luxembourg,LUX,12.45695323
Latvia,LVA,3.645612168
"Macao SAR, China",MAC,
St. Martin (French part),MAF,
Morocco,MAR,1.818526387
Monaco,MCO,
Moldova,MDA,3.267846368
Madagascar,MDG,0.097269541
Maldives,MDV,2.826385298
Middle East & North Africa,MEA,5.033818298
Mexico,MEX,3.040766375
Marshall Islands,MHL,2.533803239
Middle income,MIC,3.699305158
North Macedonia,MKD,3.661770442
Mali,MLI,0.195565971
Malta,MLT,3.125557893
Myanmar,MMR,0.634080348
Middle East & North Africa (excluding high income),MNA,3.329056087
Montenegro,MNE,4.067560912
Mongolia,MNG,6.430645335
Northern Mariana Islands,MNP,
Mozambique,MOZ,0.222767553
Mauritania,MRT,0.855176406
Mauritius,MUS,2.938514108
Malawi,MWI,0.084636158
Malaysia,MYS,7.383715412
North America,NAC,13.08753102
Namibia,NAM,1.588045147
New Caledonia,NCL,
Niger,NER,0.090325578
Nigeria,NGA,0.537510175
Nicaragua,NIC,0.678252104
Netherlands,NLD,7.471553479
Norway,NOR,6.72508005
Nepal,NPL,0.509366247
Nauru,NRU,3.361753959
New Zealand,NZL,6.160799183
OECD members,OED,7.718698985
Oman,OMN,15.636201
Other small states,OSS,13.11468715
Pakistan,PAK,0.810360216
Panama,PAN,2.231443025
Peru,PER,1.398566019
Philippines,PHL,1.189679452
Palau,PLW,8.802581794
Papua New Guinea,PNG,0.563251566
Poland,POL,7.367563373
Pre-demographic dividend,PRE,0.477024615
Puerto Rico,PRI,
"Korea, Dem. People's Rep.",PRK,2.027148619
Portugal,PRT,3.784907587
Paraguay,PRY,1.144591192
West Bank and Gaza,PSE,
Pacific island small states,PSS,0.848521068
Post-demographic dividend,PST,8.550843951
French Polynesia,PYF,
Qatar,QAT,31.72684245
Romania,ROU,3.564137501
Russian Federation,RUS,11.14165273
Rwanda,RWA,0.10512414
South Asia,SAS,1.337791484
Saudi Arabia,SAU,14.26658537
Sudan,SDN,0.467953928
Senegal,SEN,0.649800561
Singapore,SGP,7.686683702
Solomon Islands,SLB,0.323065549
Sierra Leone,SLE,0.127277607
El Salvador,SLV,1.013280244
San Marino,SMR,
Somalia,SOM,0.039934653
Serbia,SRB,6.714517172
Sub-Saharan Africa (excluding high income),SSA,0.660412633
South Sudan,SSD,0.164309137
Sub-Saharan Africa,SSF,0.660876173
Small states,SST,11.09458032
Sao Tome and Principe,STP,0.64535014
Suriname,SUR,4.285076557
Slovak Republic,SVK,5.319054808
Slovenia,SVN,5.934735179
Sweden,SWE,3.242989143
Eswatini,SWZ,0.972087528
Sint Maarten (Dutch part),SXM,
Seychelles,SYC,6.080518373
Syrian Arab Republic,SYR,1.214802484
Turks and Caicos Islands,TCA,
Chad,TCD,0.094228187
East Asia & Pacific (IDA & IBRD countries),TEA,6.031169795
Europe & Central Asia (IDA & IBRD countries),TEC,6.909365309
Togo,TGO,0.286061844
Thailand,THA,3.714255806
Tajikistan,TJK,0.977533024
Turkmenistan,TKM,10.1840863
Latin America & the Caribbean (IDA & IBRD countries),TLA,2.220923784
Timor-Leste,TLS,0.343155166
Middle East & North Africa (IDA & IBRD countries),TMN,3.368343759
Tonga,TON,1.122047618
South Asia (IDA & IBRD),TSA,1.337791484
Sub-Saharan Africa (IDA & IBRD countries),TSS,0.660876173
Trinidad and Tobago,TTO,10.15711917
Tunisia,TUN,2.408622528
Turkiye,TUR,4.885863926
Tuvalu,TUV,0.596259825
Tanzania,TZA,0.233945592
Uganda,UGA,0.127793035
Ukraine,UKR,3.747387845
Upper middle income,UMC,5.876789568
Uruguay,URY,1.89971905
United States,USA,13.03222173
Uzbekistan,UZB,3.376303785
St. Vincent and the Grenadines,VCT,2.100695772
"Venezuela, RB",VEN,2.545027978
British Virgin Islands,VGB,
Virgin Islands (U.S.),VIR,
Viet Nam,VNM,3.676440088
Vanuatu,VUT,0.389174968
World,WLD,4.291684045
Samoa,WSM,0.960782398
Kosovo,XKX,
"Yemen, Rep.",YEM,0.308514614
South Africa,ZAF,6.687563147
Zambia,ZMB,0.401902713
Zimbabwe,ZWE,0.530483547
